user_name, password
jayme.towne,temporibusquibusdamrepellat
kelley,rationequiest
hugh,etestatque
marisa,nobisoditmolestias
erin.mcclure,quidemutaspernatur
colby,eaquequisipsam
harmony,facereomnisharum
jacques_leuschke,eaquenesciuntneque
roma,quiodiolabore
alex.rodriguez,eaqueanimifacere
rosario,sitistecorrupti
tyreek,minusconsequaturvel
anne_walter,asperioresvelbeatae
otis_rogahn,adipisciofficiistemporibus
nathanael,cumconsequaturest
chase,velassumendaquo
jordane.lehner,enimdebitisrepellendus
lucas,autfugiatasperiores
emil,modiettemporibus
lizeth,perspiciatisprovidentlaborum
jameson.champlin,perspiciatisutfacere
gudrun.hackett,fugiatsintarchitecto
rusty,laudantiumpariaturquia
katheryn.halvorson,suntadquidem
kasey,deseruntfugaet
israel_ryan,quisaliasea
lulu_murphy,omnisconsequaturet
myles,pariaturiurenumquam
garfield_welch,excepturiteneturquasi
raquel,nonvoluptasmaxime
kaitlyn,perspiciatisconsecteturnihil
filiberto,eumrationeet
rudolph,easintconsectetur
katrina,minusquascommodi
marc,nostrumautveritatis
gregoria.kilback,autautaccusantium
bernard_mohr,aliquidapossimus
finn_kub,iustovelitreprehenderit
caden.keler,laboriosamsuscipitodio
jillian,minusquaeconsequatur
jeie_bergnaum,modiexpeditaet
josiane,sedrerumdebitis
stella,nihilevenieteius
kristofer.welch,voluptasettenetur
rosemary.hintz,istedolornulla
winnifred.kilback,excepturieiusiusto
maye_champlin,eiusetvoluptate
burnice_lindgren,quivoluptatesassumenda
iva.schroeder,sintcupiditatequaerat
harley.kreiger,consectetursitdoloribus
jake_waelchi,nonnostrumquisquam
crystal.mueller,numquamseddoloremque
dillon,aliasfugiatqui
rogelio.corwin,occaecatiestadipisci
arjun,recusandaeetdolores
brigitte,occaecatinecessitatibusrepellat
presley,autvoluptatesexcepturi
alexzander,dolorevoluptatestempora
rachael,quodfugiatquisquam
nannie,etutblanditiis
isidro_sauer,cumquecommodimolestiae
toni,inventoreducimuset
juliana.turcotte,numquametrerum
meagan,accusamusquibusdamunde
moriah,laborumvoluptatemut
dahlia,quasiquaeamet
greta.stanton,nihilmolestiaesint
dayana.yundt,laudantiumdignissimostemporibus
connor,velitettemporibus
fausto.dare,aassumendadelectus
june,nemooptiodignissimos
tate_little,enimistemollitia
barrett,quodquinihil
vivianne,auteumquasi
sydney_kohler,voluptatumreprehenderitamet
eliseo.franecki,architectodelectusrepudiandae
abbigail_rippin,autemlaborenulla
adolph,quamfacilismolestias
kenton,occaecatinesciuntdicta
kaylie,laborecorruptiautem
luisa.prosacco,accusantiumautomnis
katarina.armstrong,nonveloccaecati
karianne,solutaplaceatfacere
selena.zboncak,undeetrepellendus
elta,faceresitaccusantium
giovanny,perferendiscorruptiquis
bethel,occaecatisitducimus
gordon,quodoloremqueculpa
lora,fuganatusexplicabo
celestino.hickle,ipsanihilfugiat
anastacio,sitetrepellendus
kenya,ipsumquiqui
wilford,quidignissimoset
jo.mckenzie,consecteturnonconsequatur
garrett_schaefer,blanditiiseumdebitis
giovani,optioeligendiqui
liam,totamoptioet
helmer.cummerata,cumquequodquo
filomena_stamm,repellendusvoluptasut
janet,magniipsamea
